book_id,title,author,category,subject,keywords,description,image_url
B001,Java Fundamentals,Ananya Rao,Programming,Java,"java, oop, classes, inheritance, collections, exception handling, jvm, beginner","Java Fundamentals is a beginner-friendly introduction for first and second year students on Java. It explains object-oriented programming, classes, objects and inheritance and collections and exception handling with simple examples.",images/B001.svg
B002,Java Practical Guide,Vikram Singh,Programming,Java,"java, oop, classes, inheritance, collections, exception handling, jvm, projects","Java Practical Guide is a hands-on guide with lab exercises and mini projects on Java. Readers practise classes, objects and inheritance and collections and exception handling through step-by-step exercises and small projects.",images/B002.svg
B003,Java Advanced Concepts,Lakshmi Narayan,Programming,Java,"java, oop, classes, inheritance, collections, exception handling, jvm, advanced","Java Advanced Concepts is an in-depth book for senior students who want to go deeper on Java. It gives a deeper look at collections and exception handling and object-oriented programming, with design tips and case studies.",images/B003.svg
B004,Java Exam and Interview Guide,Suresh Babu,Programming,Java,"java, oop, classes, inheritance, collections, exception handling, jvm, interview","Java Exam and Interview Guide is a revision guide with solved questions for exams, viva and placement interviews on Java. It revises object-oriented programming, classes, objects and inheritance and collections and exception handling with short notes, solved problems and viva questions.",images/B004.svg
B005,Python Fundamentals,Rohan Mehta,Programming,Python,"python, scripting, functions, modules, file handling, libraries, beginner","Python Fundamentals is a beginner-friendly introduction for first and second year students on Python. It explains variables, loops and functions, modules and file handling and useful Python libraries with simple examples.",images/B005.svg
B006,Python Practical Guide,Sneha Kulkarni,Programming,Python,"python, scripting, functions, modules, file handling, libraries, projects",Python Practical Guide is a hands-on guide with lab exercises and mini projects on Python. Readers practise modules and file handling and useful Python libraries through step-by-step exercises and small projects.,images/B006.svg
B007,Python Advanced Concepts,Imran Sheikh,Programming,Python,"python, scripting, functions, modules, file handling, libraries, advanced","Python Advanced Concepts is an in-depth book for senior students who want to go deeper on Python. It gives a deeper look at useful Python libraries and variables, loops and functions, with design tips and case studies.",images/B007.svg
B008,Python Exam and Interview Guide,Kavya Pillai,Programming,Python,"python, scripting, functions, modules, file handling, libraries, interview","Python Exam and Interview Guide is a revision guide with solved questions for exams, viva and placement interviews on Python. It revises variables, loops and functions, modules and file handling and useful Python libraries with short notes, solved problems and viva questions.",images/B008.svg
B009,C Fundamentals,Priya Nair,Programming,C,"c language, pointers, arrays, structures, memory, functions, beginner","C Fundamentals is a beginner-friendly introduction for first and second year students on C. It explains pointers and arrays, structures and functions and dynamic memory allocation with simple examples.",images/B009.svg
B010,C Practical Guide,Arjun Reddy,Programming,C,"c language, pointers, arrays, structures, memory, functions, projects",C Practical Guide is a hands-on guide with lab exercises and mini projects on C. Readers practise structures and functions and dynamic memory allocation through step-by-step exercises and small projects.,images/B010.svg
B011,C Advanced Concepts,Pooja Verma,Programming,C,"c language, pointers, arrays, structures, memory, functions, advanced","C Advanced Concepts is an in-depth book for senior students who want to go deeper on C. It gives a deeper look at dynamic memory allocation and pointers and arrays, with design tips and case studies.",images/B011.svg
B012,C Exam and Interview Guide,Ravi Chandran,Programming,C,"c language, pointers, arrays, structures, memory, functions, interview","C Exam and Interview Guide is a revision guide with solved questions for exams, viva and placement interviews on C. It revises pointers and arrays, structures and functions and dynamic memory allocation with short notes, solved problems and viva questions.",images/B012.svg
B013,C++ Fundamentals,Karthik Subramanian,Programming,C++,"c++, oop, templates, stl, pointers, classes, beginner","C++ Fundamentals is a beginner-friendly introduction for first and second year students on C++. It explains classes and objects in C++, templates and the STL and operator overloading and pointers with simple examples.",images/B013.svg
B014,C++ Practical Guide,Divya Menon,Programming,C++,"c++, oop, templates, stl, pointers, classes, projects",C++ Practical Guide is a hands-on guide with lab exercises and mini projects on C++. Readers practise templates and the STL and operator overloading and pointers through step-by-step exercises and small projects.,images/B014.svg
B015,C++ Advanced Concepts,Harish Kumar,Programming,C++,"c++, oop, templates, stl, pointers, classes, advanced","C++ Advanced Concepts is an in-depth book for senior students who want to go deeper on C++. It gives a deeper look at operator overloading and pointers and classes and objects in C++, with design tips and case studies.",images/B015.svg
B016,C++ Exam and Interview Guide,Aditi Joshi,Programming,C++,"c++, oop, templates, stl, pointers, classes, interview","C++ Exam and Interview Guide is a revision guide with solved questions for exams, viva and placement interviews on C++. It revises classes and objects in C++, templates and the STL and operator overloading and pointers with short notes, solved problems and viva questions.",images/B016.svg
B017,JavaScript Fundamentals,Meera Iyer,Web Development,JavaScript,"javascript, dom, es6, events, async, functions, browser, beginner","JavaScript Fundamentals is a beginner-friendly introduction for first and second year students on JavaScript. It explains the DOM and browser events, ES6 features and functions and asynchronous programming and APIs with simple examples.",images/B017.svg
B018,JavaScript Practical Guide,Sanjay Patel,Web Development,JavaScript,"javascript, dom, es6, events, async, functions, browser, projects",JavaScript Practical Guide is a hands-on guide with lab exercises and mini projects on JavaScript. Readers practise ES6 features and functions and asynchronous programming and APIs through step-by-step exercises and small projects.,images/B018.svg
B019,JavaScript Advanced Concepts,Neha Gupta,Web Development,JavaScript,"javascript, dom, es6, events, async, functions, browser, advanced","JavaScript Advanced Concepts is an in-depth book for senior students who want to go deeper on JavaScript. It gives a deeper look at asynchronous programming and APIs and the DOM and browser events, with design tips and case studies.",images/B019.svg
B020,JavaScript Exam and Interview Guide,Manoj Das,Web Development,JavaScript,"javascript, dom, es6, events, async, functions, browser, interview","JavaScript Exam and Interview Guide is a revision guide with solved questions for exams, viva and placement interviews on JavaScript. It revises the DOM and browser events, ES6 features and functions and asynchronous programming and APIs with short notes, solved problems and viva questions.",images/B020.svg
B021,Web Development Fundamentals,Vikram Singh,Web Development,Web Development,"web development, frontend, backend, responsive design, http, apis, beginner","Web Development Fundamentals is a beginner-friendly introduction for first and second year students on Web Development. It explains frontend and backend basics, responsive websites and HTTP requests and REST APIs with simple examples.",images/B021.svg
B022,Web Development Practical Guide,Lakshmi Narayan,Web Development,Web Development,"web development, frontend, backend, responsive design, http, apis, projects",Web Development Practical Guide is a hands-on guide with lab exercises and mini projects on Web Development. Readers practise responsive websites and HTTP requests and REST APIs through step-by-step exercises and small projects.,images/B022.svg
B023,Web Development Advanced Concepts,Suresh Babu,Web Development,Web Development,"web development, frontend, backend, responsive design, http, apis, advanced","Web Development Advanced Concepts is an in-depth book for senior students who want to go deeper on Web Development. It gives a deeper look at HTTP requests and REST APIs and frontend and backend basics, with design tips and case studies.",images/B023.svg
B024,Web Development Exam and Interview Guide,Farah Khan,Web Development,Web Development,"web development, frontend, backend, responsive design, http, apis, interview","Web Development Exam and Interview Guide is a revision guide with solved questions for exams, viva and placement interviews on Web Development. It revises frontend and backend basics, responsive websites and HTTP requests and REST APIs with short notes, solved problems and viva questions.",images/B024.svg
B025,HTML Fundamentals,Sneha Kulkarni,Web Development,HTML,"html5, tags, forms, semantic elements, links, tables, beginner","HTML Fundamentals is a beginner-friendly introduction for first and second year students on HTML. It explains HTML5 tags and structure, forms and tables and semantic elements and accessibility with simple examples.",images/B025.svg
B026,HTML Practical Guide,Imran Sheikh,Web Development,HTML,"html5, tags, forms, semantic elements, links, tables, projects",HTML Practical Guide is a hands-on guide with lab exercises and mini projects on HTML. Readers practise forms and tables and semantic elements and accessibility through step-by-step exercises and small projects.,images/B026.svg
B027,HTML Advanced Concepts,Kavya Pillai,Web Development,HTML,"html5, tags, forms, semantic elements, links, tables, advanced","HTML Advanced Concepts is an in-depth book for senior students who want to go deeper on HTML. It gives a deeper look at semantic elements and accessibility and HTML5 tags and structure, with design tips and case studies.",images/B027.svg
B028,HTML Exam and Interview Guide,Deepak Rao,Web Development,HTML,"html5, tags, forms, semantic elements, links, tables, interview","HTML Exam and Interview Guide is a revision guide with solved questions for exams, viva and placement interviews on HTML. It revises HTML5 tags and structure, forms and tables and semantic elements and accessibility with short notes, solved problems and viva questions.",images/B028.svg
B029,CSS Fundamentals,Arjun Reddy,Web Development,CSS,"css3, flexbox, grid, selectors, responsive design, animations, beginner","CSS Fundamentals is a beginner-friendly introduction for first and second year students on CSS. It explains selectors and the box model, flexbox and grid layouts and responsive design and animations with simple examples.",images/B029.svg
B030,CSS Practical Guide,Pooja Verma,Web Development,CSS,"css3, flexbox, grid, selectors, responsive design, animations, projects",CSS Practical Guide is a hands-on guide with lab exercises and mini projects on CSS. Readers practise flexbox and grid layouts and responsive design and animations through step-by-step exercises and small projects.,images/B030.svg
B031,CSS Advanced Concepts,Ravi Chandran,Web Development,CSS,"css3, flexbox, grid, selectors, responsive design, animations, advanced","CSS Advanced Concepts is an in-depth book for senior students who want to go deeper on CSS. It gives a deeper look at responsive design and animations and selectors and the box model, with design tips and case studies.",images/B031.svg
B032,CSS Exam and Interview Guide,Swathi Krishnan,Web Development,CSS,"css3, flexbox, grid, selectors, responsive design, animations, interview","CSS Exam and Interview Guide is a revision guide with solved questions for exams, viva and placement interviews on CSS. It revises selectors and the box model, flexbox and grid layouts and responsive design and animations with short notes, solved problems and viva questions.",images/B032.svg
B033,SQL Fundamentals,Divya Menon,Databases,SQL,"sql, queries, joins, select, insert, aggregation, subqueries, beginner","SQL Fundamentals is a beginner-friendly introduction for first and second year students on SQL. It explains SELECT queries and filtering, joins and aggregation and subqueries and views with simple examples.",images/B033.svg
B034,SQL Practical Guide,Harish Kumar,Databases,SQL,"sql, queries, joins, select, insert, aggregation, subqueries, projects",SQL Practical Guide is a hands-on guide with lab exercises and mini projects on SQL. Readers practise joins and aggregation and subqueries and views through step-by-step exercises and small projects.,images/B034.svg
B035,SQL Advanced Concepts,Aditi Joshi,Databases,SQL,"sql, queries, joins, select, insert, aggregation, subqueries, advanced","SQL Advanced Concepts is an in-depth book for senior students who want to go deeper on SQL. It gives a deeper look at subqueries and views and SELECT queries and filtering, with design tips and case studies.",images/B035.svg
B036,SQL Exam and Interview Guide,Nikhil Bhat,Databases,SQL,"sql, queries, joins, select, insert, aggregation, subqueries, interview","SQL Exam and Interview Guide is a revision guide with solved questions for exams, viva and placement interviews on SQL. It revises SELECT queries and filtering, joins and aggregation and subqueries and views with short notes, solved problems and viva questions.",images/B036.svg
B037,DBMS Fundamentals,Sanjay Patel,Databases,DBMS,"dbms, er model, normalization, transactions, relational model, indexing, beginner","DBMS Fundamentals is a beginner-friendly introduction for first and second year students on DBMS. It explains the ER model and relational model, normalization and transactions and indexing with simple examples.",images/B037.svg
B038,DBMS Practical Guide,Neha Gupta,Databases,DBMS,"dbms, er model, normalization, transactions, relational model, indexing, projects",DBMS Practical Guide is a hands-on guide with lab exercises and mini projects on DBMS. Readers practise normalization and transactions and indexing through step-by-step exercises and small projects.,images/B038.svg
B039,DBMS Advanced Concepts,Manoj Das,Databases,DBMS,"dbms, er model, normalization, transactions, relational model, indexing, advanced","DBMS Advanced Concepts is an in-depth book for senior students who want to go deeper on DBMS. It gives a deeper look at transactions and indexing and the ER model and relational model, with design tips and case studies.",images/B039.svg
B040,DBMS Exam and Interview Guide,Ananya Rao,Databases,DBMS,"dbms, er model, normalization, transactions, relational model, indexing, interview","DBMS Exam and Interview Guide is a revision guide with solved questions for exams, viva and placement interviews on DBMS. It revises the ER model and relational model, normalization and transactions and indexing with short notes, solved problems and viva questions.",images/B040.svg
B041,Computer Networks Fundamentals,Lakshmi Narayan,Networking,Computer Networks,"networks, tcp ip, osi model, routing, protocols, ip addressing, beginner","Computer Networks Fundamentals is a beginner-friendly introduction for first and second year students on Computer Networks. It explains the OSI and TCP/IP models, IP addressing and routing and network protocols with simple examples.",images/B041.svg
B042,Computer Networks Practical Guide,Suresh Babu,Networking,Computer Networks,"networks, tcp ip, osi model, routing, protocols, ip addressing, projects",Computer Networks Practical Guide is a hands-on guide with lab exercises and mini projects on Computer Networks. Readers practise IP addressing and routing and network protocols through step-by-step exercises and small projects.,images/B042.svg
B043,Computer Networks Advanced Concepts,Farah Khan,Networking,Computer Networks,"networks, tcp ip, osi model, routing, protocols, ip addressing, advanced","Computer Networks Advanced Concepts is an in-depth book for senior students who want to go deeper on Computer Networks. It gives a deeper look at network protocols and the OSI and TCP/IP models, with design tips and case studies.",images/B043.svg
B044,Computer Networks Exam and Interview Guide,Rohan Mehta,Networking,Computer Networks,"networks, tcp ip, osi model, routing, protocols, ip addressing, interview","Computer Networks Exam and Interview Guide is a revision guide with solved questions for exams, viva and placement interviews on Computer Networks. It revises the OSI and TCP/IP models, IP addressing and routing and network protocols with short notes, solved problems and viva questions.",images/B044.svg
B045,Operating Systems Fundamentals,Imran Sheikh,Systems,Operating Systems,"operating system, process, scheduling, memory management, deadlock, file system, beginner","Operating Systems Fundamentals is a beginner-friendly introduction for first and second year students on Operating Systems. It explains processes and CPU scheduling, memory management and deadlocks and file systems with simple examples.",images/B045.svg
B046,Operating Systems Practical Guide,Kavya Pillai,Systems,Operating Systems,"operating system, process, scheduling, memory management, deadlock, file system, projects",Operating Systems Practical Guide is a hands-on guide with lab exercises and mini projects on Operating Systems. Readers practise memory management and deadlocks and file systems through step-by-step exercises and small projects.,images/B046.svg
B047,Operating Systems Advanced Concepts,Deepak Rao,Systems,Operating Systems,"operating system, process, scheduling, memory management, deadlock, file system, advanced","Operating Systems Advanced Concepts is an in-depth book for senior students who want to go deeper on Operating Systems. It gives a deeper look at deadlocks and file systems and processes and CPU scheduling, with design tips and case studies.",images/B047.svg
B048,Operating Systems Exam and Interview Guide,Priya Nair,Systems,Operating Systems,"operating system, process, scheduling, memory management, deadlock, file system, interview","Operating Systems Exam and Interview Guide is a revision guide with solved questions for exams, viva and placement interviews on Operating Systems. It revises processes and CPU scheduling, memory management and deadlocks and file systems with short notes, solved problems and viva questions.",images/B048.svg
B049,Data Structures Fundamentals,Pooja Verma,Data Structures and Algorithms,Data Structures,"data structures, arrays, linked list, stack, queue, trees, graphs, beginner","Data Structures Fundamentals is a beginner-friendly introduction for first and second year students on Data Structures. It explains arrays and linked lists, stacks and queues and trees and graphs with simple examples.",images/B049.svg
B050,Data Structures Practical Guide,Ravi Chandran,Data Structures and Algorithms,Data Structures,"data structures, arrays, linked list, stack, queue, trees, graphs, projects",Data Structures Practical Guide is a hands-on guide with lab exercises and mini projects on Data Structures. Readers practise stacks and queues and trees and graphs through step-by-step exercises and small projects.,images/B050.svg
B051,Data Structures Advanced Concepts,Swathi Krishnan,Data Structures and Algorithms,Data Structures,"data structures, arrays, linked list, stack, queue, trees, graphs, advanced","Data Structures Advanced Concepts is an in-depth book for senior students who want to go deeper on Data Structures. It gives a deeper look at trees and graphs and arrays and linked lists, with design tips and case studies.",images/B051.svg
B052,Data Structures Exam and Interview Guide,Karthik Subramanian,Data Structures and Algorithms,Data Structures,"data structures, arrays, linked list, stack, queue, trees, graphs, interview","Data Structures Exam and Interview Guide is a revision guide with solved questions for exams, viva and placement interviews on Data Structures. It revises arrays and linked lists, stacks and queues and trees and graphs with short notes, solved problems and viva questions.",images/B052.svg
B053,Algorithms Fundamentals,Harish Kumar,Data Structures and Algorithms,Algorithms,"algorithms, sorting, searching, recursion, dynamic programming, complexity, beginner","Algorithms Fundamentals is a beginner-friendly introduction for first and second year students on Algorithms. It explains sorting and searching, recursion and dynamic programming and time and space complexity with simple examples.",images/B053.svg
B054,Algorithms Practical Guide,Aditi Joshi,Data Structures and Algorithms,Algorithms,"algorithms, sorting, searching, recursion, dynamic programming, complexity, projects",Algorithms Practical Guide is a hands-on guide with lab exercises and mini projects on Algorithms. Readers practise recursion and dynamic programming and time and space complexity through step-by-step exercises and small projects.,images/B054.svg
B055,Algorithms Advanced Concepts,Nikhil Bhat,Data Structures and Algorithms,Algorithms,"algorithms, sorting, searching, recursion, dynamic programming, complexity, advanced","Algorithms Advanced Concepts is an in-depth book for senior students who want to go deeper on Algorithms. It gives a deeper look at time and space complexity and sorting and searching, with design tips and case studies.",images/B055.svg
B056,Algorithms Exam and Interview Guide,Meera Iyer,Data Structures and Algorithms,Algorithms,"algorithms, sorting, searching, recursion, dynamic programming, complexity, interview","Algorithms Exam and Interview Guide is a revision guide with solved questions for exams, viva and placement interviews on Algorithms. It revises sorting and searching, recursion and dynamic programming and time and space complexity with short notes, solved problems and viva questions.",images/B056.svg
B057,Artificial Intelligence Fundamentals,Neha Gupta,Artificial Intelligence,Artificial Intelligence,"ai, artificial intelligence, search, knowledge representation, agents, expert systems, beginner","Artificial Intelligence Fundamentals is a beginner-friendly introduction for first and second year students on Artificial Intelligence. It explains intelligent agents, search strategies and knowledge representation and expert systems with simple examples.",images/B057.svg
B058,Artificial Intelligence Practical Guide,Manoj Das,Artificial Intelligence,Artificial Intelligence,"ai, artificial intelligence, search, knowledge representation, agents, expert systems, projects",Artificial Intelligence Practical Guide is a hands-on guide with lab exercises and mini projects on Artificial Intelligence. Readers practise search strategies and knowledge representation and expert systems through step-by-step exercises and small projects.,images/B058.svg
B059,Artificial Intelligence Advanced Concepts,Ananya Rao,Artificial Intelligence,Artificial Intelligence,"ai, artificial intelligence, search, knowledge representation, agents, expert systems, advanced","Artificial Intelligence Advanced Concepts is an in-depth book for senior students who want to go deeper on Artificial Intelligence. It gives a deeper look at expert systems and intelligent agents, with design tips and case studies.",images/B059.svg
B060,Artificial Intelligence Exam and Interview Guide,Vikram Singh,Artificial Intelligence,Artificial Intelligence,"ai, artificial intelligence, search, knowledge representation, agents, expert systems, interview","Artificial Intelligence Exam and Interview Guide is a revision guide with solved questions for exams, viva and placement interviews on Artificial Intelligence. It revises intelligent agents, search strategies and knowledge representation and expert systems with short notes, solved problems and viva questions.",images/B060.svg
B061,Machine Learning Fundamentals,Suresh Babu,Artificial Intelligence,Machine Learning,"machine learning, supervised learning, regression, classification, clustering, model evaluation, beginner","Machine Learning Fundamentals is a beginner-friendly introduction for first and second year students on Machine Learning. It explains regression and classification, clustering and model evaluation and overfitting with simple examples.",images/B061.svg
B062,Machine Learning Practical Guide,Farah Khan,Artificial Intelligence,Machine Learning,"machine learning, supervised learning, regression, classification, clustering, model evaluation, projects",Machine Learning Practical Guide is a hands-on guide with lab exercises and mini projects on Machine Learning. Readers practise clustering and model evaluation and overfitting through step-by-step exercises and small projects.,images/B062.svg
B063,Machine Learning Advanced Concepts,Rohan Mehta,Artificial Intelligence,Machine Learning,"machine learning, supervised learning, regression, classification, clustering, model evaluation, advanced","Machine Learning Advanced Concepts is an in-depth book for senior students who want to go deeper on Machine Learning. It gives a deeper look at model evaluation and overfitting and regression and classification, with design tips and case studies.",images/B063.svg
B064,Machine Learning Exam and Interview Guide,Sneha Kulkarni,Artificial Intelligence,Machine Learning,"machine learning, supervised learning, regression, classification, clustering, model evaluation, interview","Machine Learning Exam and Interview Guide is a revision guide with solved questions for exams, viva and placement interviews on Machine Learning. It revises regression and classification, clustering and model evaluation and overfitting with short notes, solved problems and viva questions.",images/B064.svg
B065,Deep Learning Fundamentals,Kavya Pillai,Artificial Intelligence,Deep Learning,"deep learning, neural networks, cnn, rnn, backpropagation, tensorflow, beginner","Deep Learning Fundamentals is a beginner-friendly introduction for first and second year students on Deep Learning. It explains neural networks and backpropagation, convolutional networks for images and recurrent networks for sequences with simple examples.",images/B065.svg
B066,Deep Learning Practical Guide,Deepak Rao,Artificial Intelligence,Deep Learning,"deep learning, neural networks, cnn, rnn, backpropagation, tensorflow, projects",Deep Learning Practical Guide is a hands-on guide with lab exercises and mini projects on Deep Learning. Readers practise convolutional networks for images and recurrent networks for sequences through step-by-step exercises and small projects.,images/B066.svg
B067,Deep Learning Advanced Concepts,Priya Nair,Artificial Intelligence,Deep Learning,"deep learning, neural networks, cnn, rnn, backpropagation, tensorflow, advanced","Deep Learning Advanced Concepts is an in-depth book for senior students who want to go deeper on Deep Learning. It gives a deeper look at recurrent networks for sequences and neural networks and backpropagation, with design tips and case studies.",images/B067.svg
B068,Deep Learning Exam and Interview Guide,Arjun Reddy,Artificial Intelligence,Deep Learning,"deep learning, neural networks, cnn, rnn, backpropagation, tensorflow, interview","Deep Learning Exam and Interview Guide is a revision guide with solved questions for exams, viva and placement interviews on Deep Learning. It revises neural networks and backpropagation, convolutional networks for images and recurrent networks for sequences with short notes, solved problems and viva questions.",images/B068.svg
B069,Data Science Fundamentals,Ravi Chandran,Data Science,Data Science,"data science, data analysis, pandas, visualization, statistics, data cleaning, beginner","Data Science Fundamentals is a beginner-friendly introduction for first and second year students on Data Science. It explains data cleaning with pandas, statistics for analysis and data visualization with simple examples.",images/B069.svg
B070,Data Science Practical Guide,Swathi Krishnan,Data Science,Data Science,"data science, data analysis, pandas, visualization, statistics, data cleaning, projects",Data Science Practical Guide is a hands-on guide with lab exercises and mini projects on Data Science. Readers practise statistics for analysis and data visualization through step-by-step exercises and small projects.,images/B070.svg
B071,Data Science Advanced Concepts,Karthik Subramanian,Data Science,Data Science,"data science, data analysis, pandas, visualization, statistics, data cleaning, advanced","Data Science Advanced Concepts is an in-depth book for senior students who want to go deeper on Data Science. It gives a deeper look at data visualization and data cleaning with pandas, with design tips and case studies.",images/B071.svg
B072,Data Science Exam and Interview Guide,Divya Menon,Data Science,Data Science,"data science, data analysis, pandas, visualization, statistics, data cleaning, interview","Data Science Exam and Interview Guide is a revision guide with solved questions for exams, viva and placement interviews on Data Science. It revises data cleaning with pandas, statistics for analysis and data visualization with short notes, solved problems and viva questions.",images/B072.svg
B073,Cyber Security Fundamentals,Aditi Joshi,Cyber Security,Cyber Security,"cyber security, encryption, malware, firewall, authentication, ethical hacking, beginner","Cyber Security Fundamentals is a beginner-friendly introduction for first and second year students on Cyber Security. It explains encryption and authentication, malware and firewalls and ethical hacking basics with simple examples.",images/B073.svg
B074,Cyber Security Practical Guide,Nikhil Bhat,Cyber Security,Cyber Security,"cyber security, encryption, malware, firewall, authentication, ethical hacking, projects",Cyber Security Practical Guide is a hands-on guide with lab exercises and mini projects on Cyber Security. Readers practise malware and firewalls and ethical hacking basics through step-by-step exercises and small projects.,images/B074.svg
B075,Cyber Security Advanced Concepts,Meera Iyer,Cyber Security,Cyber Security,"cyber security, encryption, malware, firewall, authentication, ethical hacking, advanced","Cyber Security Advanced Concepts is an in-depth book for senior students who want to go deeper on Cyber Security. It gives a deeper look at ethical hacking basics and encryption and authentication, with design tips and case studies.",images/B075.svg
B076,Cyber Security Exam and Interview Guide,Sanjay Patel,Cyber Security,Cyber Security,"cyber security, encryption, malware, firewall, authentication, ethical hacking, interview","Cyber Security Exam and Interview Guide is a revision guide with solved questions for exams, viva and placement interviews on Cyber Security. It revises encryption and authentication, malware and firewalls and ethical hacking basics with short notes, solved problems and viva questions.",images/B076.svg
B077,Cloud Computing Fundamentals,Manoj Das,Cloud Computing,Cloud Computing,"cloud computing, virtualization, iaas, paas, saas, scalability, serverless, beginner","Cloud Computing Fundamentals is a beginner-friendly introduction for first and second year students on Cloud Computing. It explains IaaS, PaaS and SaaS, virtualization and scalability and serverless computing with simple examples.",images/B077.svg
B078,Cloud Computing Practical Guide,Ananya Rao,Cloud Computing,Cloud Computing,"cloud computing, virtualization, iaas, paas, saas, scalability, serverless, projects",Cloud Computing Practical Guide is a hands-on guide with lab exercises and mini projects on Cloud Computing. Readers practise virtualization and scalability and serverless computing through step-by-step exercises and small projects.,images/B078.svg
B079,Cloud Computing Advanced Concepts,Vikram Singh,Cloud Computing,Cloud Computing,"cloud computing, virtualization, iaas, paas, saas, scalability, serverless, advanced","Cloud Computing Advanced Concepts is an in-depth book for senior students who want to go deeper on Cloud Computing. It gives a deeper look at scalability and serverless computing and IaaS, PaaS and SaaS, with design tips and case studies.",images/B079.svg
B080,Cloud Computing Exam and Interview Guide,Lakshmi Narayan,Cloud Computing,Cloud Computing,"cloud computing, virtualization, iaas, paas, saas, scalability, serverless, interview","Cloud Computing Exam and Interview Guide is a revision guide with solved questions for exams, viva and placement interviews on Cloud Computing. It revises IaaS, PaaS and SaaS, virtualization and scalability and serverless computing with short notes, solved problems and viva questions.",images/B080.svg
B081,AWS Fundamentals,Farah Khan,Cloud Computing,AWS,"aws, ec2, s3, lambda, dynamodb, iam, cloud services, beginner","AWS Fundamentals is a beginner-friendly introduction for first and second year students on AWS. It explains EC2 and S3 storage, Lambda and serverless functions and DynamoDB and IAM security with simple examples.",images/B081.svg
B082,AWS Practical Guide,Rohan Mehta,Cloud Computing,AWS,"aws, ec2, s3, lambda, dynamodb, iam, cloud services, projects",AWS Practical Guide is a hands-on guide with lab exercises and mini projects on AWS. Readers practise Lambda and serverless functions and DynamoDB and IAM security through step-by-step exercises and small projects.,images/B082.svg
B083,AWS Advanced Concepts,Sneha Kulkarni,Cloud Computing,AWS,"aws, ec2, s3, lambda, dynamodb, iam, cloud services, advanced","AWS Advanced Concepts is an in-depth book for senior students who want to go deeper on AWS. It gives a deeper look at DynamoDB and IAM security and EC2 and S3 storage, with design tips and case studies.",images/B083.svg
B084,AWS Exam and Interview Guide,Imran Sheikh,Cloud Computing,AWS,"aws, ec2, s3, lambda, dynamodb, iam, cloud services, interview","AWS Exam and Interview Guide is a revision guide with solved questions for exams, viva and placement interviews on AWS. It revises EC2 and S3 storage, Lambda and serverless functions and DynamoDB and IAM security with short notes, solved problems and viva questions.",images/B084.svg
B085,Software Engineering Fundamentals,Deepak Rao,Software Engineering,Software Engineering,"software engineering, sdlc, requirements, uml, agile, design, maintenance, beginner","Software Engineering Fundamentals is a beginner-friendly introduction for first and second year students on Software Engineering. It explains the software development life cycle, requirements and UML design and agile methods with simple examples.",images/B085.svg
B086,Software Engineering Practical Guide,Priya Nair,Software Engineering,Software Engineering,"software engineering, sdlc, requirements, uml, agile, design, maintenance, projects",Software Engineering Practical Guide is a hands-on guide with lab exercises and mini projects on Software Engineering. Readers practise requirements and UML design and agile methods through step-by-step exercises and small projects.,images/B086.svg
B087,Software Engineering Advanced Concepts,Arjun Reddy,Software Engineering,Software Engineering,"software engineering, sdlc, requirements, uml, agile, design, maintenance, advanced","Software Engineering Advanced Concepts is an in-depth book for senior students who want to go deeper on Software Engineering. It gives a deeper look at agile methods and the software development life cycle, with design tips and case studies.",images/B087.svg
B088,Software Engineering Exam and Interview Guide,Pooja Verma,Software Engineering,Software Engineering,"software engineering, sdlc, requirements, uml, agile, design, maintenance, interview","Software Engineering Exam and Interview Guide is a revision guide with solved questions for exams, viva and placement interviews on Software Engineering. It revises the software development life cycle, requirements and UML design and agile methods with short notes, solved problems and viva questions.",images/B088.svg
B089,Software Testing Fundamentals,Swathi Krishnan,Software Engineering,Software Testing,"software testing, test cases, unit testing, black box, white box, automation, bug tracking, beginner","Software Testing Fundamentals is a beginner-friendly introduction for first and second year students on Software Testing. It explains test case design, black box and white box testing and unit testing and automation with simple examples.",images/B089.svg
B090,Software Testing Practical Guide,Karthik Subramanian,Software Engineering,Software Testing,"software testing, test cases, unit testing, black box, white box, automation, bug tracking, projects",Software Testing Practical Guide is a hands-on guide with lab exercises and mini projects on Software Testing. Readers practise black box and white box testing and unit testing and automation through step-by-step exercises and small projects.,images/B090.svg
B091,Software Testing Advanced Concepts,Divya Menon,Software Engineering,Software Testing,"software testing, test cases, unit testing, black box, white box, automation, bug tracking, advanced","Software Testing Advanced Concepts is an in-depth book for senior students who want to go deeper on Software Testing. It gives a deeper look at unit testing and automation and test case design, with design tips and case studies.",images/B091.svg
B092,Software Testing Exam and Interview Guide,Harish Kumar,Software Engineering,Software Testing,"software testing, test cases, unit testing, black box, white box, automation, bug tracking, interview","Software Testing Exam and Interview Guide is a revision guide with solved questions for exams, viva and placement interviews on Software Testing. It revises test case design, black box and white box testing and unit testing and automation with short notes, solved problems and viva questions.",images/B092.svg
B093,DevOps Fundamentals,Nikhil Bhat,Software Engineering,DevOps,"devops, ci cd, docker, git, automation, monitoring, containers, beginner","DevOps Fundamentals is a beginner-friendly introduction for first and second year students on DevOps. It explains Git version control, CI/CD pipelines and Docker containers and monitoring with simple examples.",images/B093.svg
B094,DevOps Practical Guide,Meera Iyer,Software Engineering,DevOps,"devops, ci cd, docker, git, automation, monitoring, containers, projects",DevOps Practical Guide is a hands-on guide with lab exercises and mini projects on DevOps. Readers practise CI/CD pipelines and Docker containers and monitoring through step-by-step exercises and small projects.,images/B094.svg
B095,DevOps Advanced Concepts,Sanjay Patel,Software Engineering,DevOps,"devops, ci cd, docker, git, automation, monitoring, containers, advanced","DevOps Advanced Concepts is an in-depth book for senior students who want to go deeper on DevOps. It gives a deeper look at Docker containers and monitoring and Git version control, with design tips and case studies.",images/B095.svg
B096,DevOps Exam and Interview Guide,Neha Gupta,Software Engineering,DevOps,"devops, ci cd, docker, git, automation, monitoring, containers, interview","DevOps Exam and Interview Guide is a revision guide with solved questions for exams, viva and placement interviews on DevOps. It revises Git version control, CI/CD pipelines and Docker containers and monitoring with short notes, solved problems and viva questions.",images/B096.svg
B097,IoT Fundamentals,Ananya Rao,Emerging Technologies,IoT,"iot, sensors, arduino, raspberry pi, mqtt, embedded, smart devices, beginner","IoT Fundamentals is a beginner-friendly introduction for first and second year students on IoT. It explains sensors and actuators, Arduino and Raspberry Pi projects and MQTT and smart devices with simple examples.",images/B097.svg
B098,IoT Practical Guide,Vikram Singh,Emerging Technologies,IoT,"iot, sensors, arduino, raspberry pi, mqtt, embedded, smart devices, projects",IoT Practical Guide is a hands-on guide with lab exercises and mini projects on IoT. Readers practise Arduino and Raspberry Pi projects and MQTT and smart devices through step-by-step exercises and small projects.,images/B098.svg
B099,IoT Advanced Concepts,Lakshmi Narayan,Emerging Technologies,IoT,"iot, sensors, arduino, raspberry pi, mqtt, embedded, smart devices, advanced","IoT Advanced Concepts is an in-depth book for senior students who want to go deeper on IoT. It gives a deeper look at MQTT and smart devices and sensors and actuators, with design tips and case studies.",images/B099.svg
B100,IoT Exam and Interview Guide,Suresh Babu,Emerging Technologies,IoT,"iot, sensors, arduino, raspberry pi, mqtt, embedded, smart devices, interview","IoT Exam and Interview Guide is a revision guide with solved questions for exams, viva and placement interviews on IoT. It revises sensors and actuators, Arduino and Raspberry Pi projects and MQTT and smart devices with short notes, solved problems and viva questions.",images/B100.svg
B101,Blockchain Fundamentals,Rohan Mehta,Emerging Technologies,Blockchain,"blockchain, distributed ledger, smart contracts, cryptocurrency, consensus, hashing, beginner","Blockchain Fundamentals is a beginner-friendly introduction for first and second year students on Blockchain. It explains hashing and distributed ledgers, consensus methods and smart contracts with simple examples.",images/B101.svg
B102,Blockchain Practical Guide,Sneha Kulkarni,Emerging Technologies,Blockchain,"blockchain, distributed ledger, smart contracts, cryptocurrency, consensus, hashing, projects",Blockchain Practical Guide is a hands-on guide with lab exercises and mini projects on Blockchain. Readers practise consensus methods and smart contracts through step-by-step exercises and small projects.,images/B102.svg
B103,Blockchain Advanced Concepts,Imran Sheikh,Emerging Technologies,Blockchain,"blockchain, distributed ledger, smart contracts, cryptocurrency, consensus, hashing, advanced","Blockchain Advanced Concepts is an in-depth book for senior students who want to go deeper on Blockchain. It gives a deeper look at smart contracts and hashing and distributed ledgers, with design tips and case studies.",images/B103.svg
B104,Blockchain Exam and Interview Guide,Kavya Pillai,Emerging Technologies,Blockchain,"blockchain, distributed ledger, smart contracts, cryptocurrency, consensus, hashing, interview","Blockchain Exam and Interview Guide is a revision guide with solved questions for exams, viva and placement interviews on Blockchain. It revises hashing and distributed ledgers, consensus methods and smart contracts with short notes, solved problems and viva questions.",images/B104.svg
B105,Computer Architecture Fundamentals,Priya Nair,Computer Architecture,Computer Architecture,"computer architecture, cpu, memory hierarchy, pipelining, instruction set, cache, assembly, beginner","Computer Architecture Fundamentals is a beginner-friendly introduction for first and second year students on Computer Architecture. It explains CPU organization, pipelining and instruction sets and cache and memory hierarchy with simple examples.",images/B105.svg
B106,Computer Architecture Practical Guide,Arjun Reddy,Computer Architecture,Computer Architecture,"computer architecture, cpu, memory hierarchy, pipelining, instruction set, cache, assembly, projects",Computer Architecture Practical Guide is a hands-on guide with lab exercises and mini projects on Computer Architecture. Readers practise pipelining and instruction sets and cache and memory hierarchy through step-by-step exercises and small projects.,images/B106.svg
B107,Computer Architecture Advanced Concepts,Pooja Verma,Computer Architecture,Computer Architecture,"computer architecture, cpu, memory hierarchy, pipelining, instruction set, cache, assembly, advanced","Computer Architecture Advanced Concepts is an in-depth book for senior students who want to go deeper on Computer Architecture. It gives a deeper look at cache and memory hierarchy and CPU organization, with design tips and case studies.",images/B107.svg
B108,Computer Architecture Exam and Interview Guide,Ravi Chandran,Computer Architecture,Computer Architecture,"computer architecture, cpu, memory hierarchy, pipelining, instruction set, cache, assembly, interview","Computer Architecture Exam and Interview Guide is a revision guide with solved questions for exams, viva and placement interviews on Computer Architecture. It revises CPU organization, pipelining and instruction sets and cache and memory hierarchy with short notes, solved problems and viva questions.",images/B108.svg
